username,password
user1,SWI4Cohe
user2,1VdjSj2k
user3,4dur3KnP
user4,o4n0KaWR
user5,fibN1xRj
user6,kmfGUM08
user7,cudVEj1b
user8,QPx6ldX3
user9,i0p5jSM6
user10,Db0lEwZt
user11,byc9B4MD
user12,tOkygYgy
user13,SI11rBhk
user14,vMwO26cS
user15,ZdmfTy9R
user16,WJjwh7Ob
user17,cYlxCLbG
user18,C9jvyrRM
user19,MeM06p4L
user20,NYkG30nO
user21,RzL1mFQE
user22,XEFytzPD
user23,5nHiPozB
user24,mvve86uk
user25,k1LzZ5LC
user26,OJNJqdI0
user27,g2IACEBa
user28,sYWR3XSm
user29,v7gb3vk5
user30,4qLPZakj
user31,GyUBxu9y
user32,5W1a06zF
user33,tzDbbv4T
user34,I2ehvi2s
user35,pmftVQ3y
user36,bpMm28VM
user37,YFwwxMv1
user38,QkW3OZV8
user39,vU1UqWEE
user40,lqVvpxT1
user41,2hOuPIo4
user42,5wgyYkP2
user43,GmQqcmBt
user44,f3BlRoh6
user45,XdFtAcR9
user46,nPHQPnZS
user47,oudD5mJo
user48,f8cBe4ji
user49,yjJva73b
user50,wRR9HDlv
user51,VbYrMShY
user52,MIH8gUnP
user53,ydaAYXvJ
user54,uXOCzY38
user55,yb0tKGrV
user56,sEjrYbRo
user57,AI5wiuUx
user58,RsXDQ1wZ
user59,CNBDmFVP
user60,rkkQczMC
user61,7WllNSsy
user62,xOUQEWRB
user63,R89NLKao
user64,0DRO5QYT
user65,pYNe6IWB
user66,p5ilPmCD
user67,0c0zpVaf
user68,OaHQwPbo
user69,nWuEhMcU
user70,uANawwrk
user71,fEkzAOUx
user72,ged10uLn
user73,RXZbTI03
user74,b6AkeWX1
user75,GsKUnGW1
user76,Tyw37DQN
user77,RyvkK7Vu
user78,tXAC7nMu
user79,QyHKTp61
user80,QQiLELIK
user81,PRryURQZ
user82,l82kJwh1
user83,N0el3HIq
user84,juQabTaz
user85,gzvHCBzT
user86,W7KzEeqd
user87,QDZ7IVeu
user88,O7Fj60P6
user89,bQVYkcKB
user90,TfBJ8nCD
user91,h89w0Qdb
user92,8v3xRuzc
user93,F6jiFKD7
user94,8YZxNHVb
user95,Wyn1kYX8
user96,mxvucLnW
user97,EY1CHai4
user98,DhXlYj4M
user99,og0w51vT
user100,eSzpZgQR